<?xml version="1.0" encoding="ASCII" ?>
<xsl:stylesheet version="2.0"
  xmlns:xsl="http://www.w3.org/1999/XSL/Transform"
  xmlns:r="http://forth.org.ru/ForthML/Rules/"
  xmlns:f="http://forth.org.ru/ForthML/"
  xmlns="http://forth.org.ru/2006/SXSL/"
  xmlns:xi="http://forth.org.ru/2006/XML/Struct"
>
<!-- Apr.2007 ruvim@forth.org.ru -->

<xsl:output
  encoding="UTF-8"
  method="text"
/>

<!--  r:* text() -> plainForth  -->

<xi:include href="stop-error.sxsl.xml"/>

<def match="*" >
  <xsl:call-template name="stop-error" />
</def>

<var name="m" select=" 0 "/>

<def match="r:m" >
  <let name="m" select="$m + 1" ><yield/></let>
</def>
<def match="r:m0" >
  <let name="m" select=" 0 " ><yield/></let>
</def>
<def match="r:m1" >
  <let name="m" select=" 1 " ><yield/></let>
</def>

<xi:model name="ttoken">
  <xi:model name="request-ttoken-model" href="#transform" />
  <xi:include href="../src/ttoken-xslt.sxsl.union.xml"/>
</xi:model>
<xi:include href="../src/ttext-xslt.sxsl.xml"/>

<def match="r:s0" >
  <let name="state" select=" 0 " ><yield/></let>
</def>
<def match="r:postpone" >
  <let name="state" select="$state + 1" ><yield/></let>
</def>
<def match="r:direct" >
  <let name="state" select="$state - 1" ><yield/></let>
</def>

<def match="f:forth">
  <apply-templates />
</def>

<def match="text()">
  <T-TEXT/>
</def>

</xsl:stylesheet>