<?xml version="1.0" encoding="ASCII"?>
<forth xmlns="http://forth.org.ru/ForthML/">

<!--
  /CHAR  /CHAR-DEGREE  C@
-->

<def name="CHAR+" ds=" n -- n "> /CHAR + </def>
<def name="CHAR-" ds=" n -- n "> /CHAR - </def>

<def name="CHARS" ds=" u1 -- u2 ">  /CHAR-DEGREE LSHIFT  </def>
<def name=">CHARS" ds=" u1 -- u2 "> /CHAR-DEGREE RSHIFT  </def>

<def name="COUNT" ds=" b -- b +n "> DUP /CHAR + SWAP C@ </def>

<def name="SEARCH" ds=" a1 u1 a-key u-key -- a2 u3 true | a1 u1 false ">
  2OVER ROT SWAP <rem> ( a1 u1  a-key a1 u-key u1 ) </rem>
  <repeat>
  2DUP UGT <if> 2DROP 2DROP FALSE <exit/></if>
  >R >R 2DUP R@ (EQUAL) <if> >R DROP 2DROP R>  RDROP R> TRUE <exit/></if>
  <rem> ( a1 u1  a-key a3 ) (R: u3 u-key ) </rem>
  CHAR+ R> R> CHAR-
  </repeat>
</def>

</forth>
