<?xml version="1.0" encoding="ASCII"?>
<forth xmlns="http://forth.org.ru/ForthML/">

<!-- for test use:
: UM+ 0 TUCK D+ 0<> 1 AND ;
: /CELL-DEGREE 2 ;
: /CHAR-DEGREE 0 ;
-->

  <include href="core.L1.f.xml"/>
  <include href="core.L2.f.xml"/>
  
  <include href="double.L1.f.xml"/>
  <include href="double.L2.f.xml"/>

  <include href="core.L3.f.xml"/>

  <include href="core.L4.f.xml"/>
  <include href="core.L5.f.xml"/>
  
  <include href="char.L1.f.xml"/>

  <include href="ds.L2.f.xml"/>

</forth>
