<?xml version="1.0" encoding="ASCII"?>
<forth xmlns="http://forth.org.ru/ForthML/">

<cell name="PAD0"/>
<cell name="PAD9"/>
<cell name="HLD"/>

<def name="PAD" ds=" -- addr"> PAD0 @ </def>
<def name="?HLD" ds=" -- "> PAD9 @ HLD @ ULT <unless> -17 THROW </unless></def>

<def name="ASSUME-PAD" ds=" addr u -- "> OVER + CELL- PAD0 ! PAD9 ! </def>

<include href="number-converting.immutable.f.xml"/>

<include href="eoln.f.xml"/>
<include href="print.L1.f.xml"/>
<include href="print.L2.f.xml"/>

</forth>
