<?xml version="1.0" encoding="ASCII" ?>
<forth xmlns="http://forth.org.ru/ForthML/"
     xmlns:r="http://forth.org.ru/ForthML/Rules/"
>
<!-- 2007, Feb.2008 ruvim@forth.org.ru -->

<def name="(T-PAT)" ds=" i*x addr u -- j*x ">
  <r:mm> HERE >R </r:mm>
  <repeat>
    `{ SPLIT-
  <while/>
    T-SLIT  <r:m> S, </r:m>
    `} SPLIT
  <while/>
    2>R
    T-PLAIN <r:m> S, </r:m>
    2R>
  </repeat>
  T-SLIT <r:m> S, </r:m>
  <r:mm> R> HERE OVER - </r:mm>
</def>

<def name="T-PAT" ds=" i*x addr u -- j*x ">
  2DUP `{ CONTAINS <if> (T-PAT) <exit/></if> T-SLIT
</def>

</forth>
