<?xml version="1.0" encoding="ASCII" ?>
<forth xmlns="http://forth.org.ru/ForthML/">
<!-- Nov.2006, Jan.2007 ruvim@forth.org.ru -->
<!-- see also ~pinka/samples/2006/syntax/readmy.txt  -->

<def name="I-DLIT" ds=" a u -- x x true | a u false ">
  DUP <unless> FALSE <exit/></unless>
  2DUP `-  MATCH-HEAD >R
  DUP <unless> NIP RDROP <exit/></unless>
  0 0 2SWAP >NUMBER NIP <if> RDROP 2DROP FALSE <exit/></if>
  R> <if> DNEGATE </if> 2SWAP 2DROP TRUE
</def>

<def name="I-LIT" ds=" a u -- x true | a u false ">
  I-DLIT <if> D>S TRUE <exit/></if> FALSE
</def>

<def name="I-DLIT-FORM" ds=" a u -- x x true | a u false ">
  DUP 2 CHARS ULT <if> FALSE <exit/></if>
  2DUP + CHAR- C@ <char>.</char> =
  <if> CHAR- I-DLIT <if> TRUE <exit/></if> CHAR+ </if> FALSE
</def>

<def name="I-HLIT-FORM" ds=" a u -- x true | a u false ">
  `0x MATCH-HEAD  <unless> FALSE <exit/></unless>
  BASE @ >R HEX I-LIT R> BASE !
  <if> TRUE <exit/></if> 2 CHARS TUCK + >R - R> FALSE
</def>

<def name="I-SLIT-FORM" ds=" a u -- a2 u2 true | a u false ">
  DUP 2 CHARS ULT <if> FALSE <exit/></if>
  ``  MATCH-HEAD  <unless> FALSE <exit/></unless>
  TRUE <!-- the substring resides at the same location -->
</def>

<def name="I-CLIT-FORM" ds=" a u -- char true | a u false ">
<rem> 'A' </rem>
  DUP 3 CHARS EQ <unless> FALSE <exit/></unless>
  OVER C@  <char>'</char> EQ <unless> FALSE <exit/></unless>
  OVER 2 CHARS + C@ <char>'</char> EQ <unless> FALSE <exit/></unless>
  DROP CHAR+ C@ TRUE
</def>

</forth>