<?xml version="1.0" encoding="ASCII" ?>
<f:forth
xmlns:f="http://forth.org.ru/ForthML/"
  xmlns="http://forth.org.ru/ForthML/Rules/"
xmlns:r="http://forth.org.ru/ForthML/Rules/"
>
<!-- May.2008 -->

<f:also wordlist="forthml-hidden">

<transform name="rules-ss-template">
  <rule match="f:rem"/><!-- skip comments -->
  <rule match="#comment"/>
  <rule match="f:g"><yield/></rule>
  <rule match="f:text">
    FirstChildValue T-SLIT <m> R> XENCLOSED >R </m>
  </rule>
  <rule match="#text">
    NodeValue 
    <f:choose> 2DUP FINE-HEAD NIP <f:when>
      T-SLIT <m> R> XENCLOSED >R </m>
    </f:when><f:otherwise><!-- skip whitespace-node -->
      2DROP 
    </f:otherwise></f:choose>
  </rule>
  <rule match="f:ss">
    <yield transform="rules-default"/>
    <m> R> XENCLOSED >R </m>
  </rule>
</transform>

<rule match="f:template" ds=" i*x -- a u ">
  M @ <f:if> `#f:template-M-not-supported STHROW </f:if>
  <mm>
    ALIGN HERE 0 , <get-name/> <!-- ( addr  a u ) -->
    <def name="{}" xmlns="http://forth.org.ru/ForthML/">
      0. <lit> DUP </lit> DUP @ SWAP 0! XUPDATED >R
      <r:yield transform="rules-ss-template"/>
      R> DUP <lit/> ! XCOUNT
    </def>
  </mm>
</rule>

<rule match="f:prop" ds=" i*x -- a u ">
  M @ <f:if> `#f:prop-M-not-supported STHROW </f:if>
  <mm>
    ALIGN HERE 0 , <get-name/> <!-- ( addr  a u ) -->
    <g xmlns="http://forth.org.ru/ForthML/">
    3DUP ROT
    <p>
      0. <lit> DUP </lit> DUP @ SWAP 0! XUPDATED >R
      <r:yield transform="rules-ss-template"/>
      R> <lit/> !
    </p> >R 2DUP
    <alias name="{}!"   > R@ </alias>
    <alias name="set-{}"> R@ </alias>
    RDROP
    <def name="{}">
      <lit/> @ XCOUNT
    </def>
    </g>
  </mm>
</rule>

</f:also>

</f:forth>
