<?xml version="1.0" encoding="ASCII" ?>
<forth xmlns="http://forth.org.ru/ForthML/">
<!-- Jul.2006, Feb.2007 ruvim@forth.org.ru -->

<include href="iword-qnative.f.xml"/>

<def name="T-NAME" ds=" i*x c-addr u -- j*x | i*x">
  I-SLIT-FORM <if> T-SLIT <exit/></if>
  I-NATIVE    <if> T-EXEC <exit/></if>
  I-QNATIVE   <if> T-EXEC <exit/></if>
  I-LIT       <if> T-LIT  <exit/></if>
  I-HLIT-FORM <if> T-LIT  <exit/></if>
  I-DLIT-FORM <if> T-2LIT <exit/></if>
  I-QUOTED-FORM <if> T-LIT <exit/></if>
  I-CLIT-FORM <if> T-LIT <exit/></if>
  CR TYPE CR -321 THROW
</def>

<def name="T-PLAIN" ds=" i*x c-addr u -- j*x | i*x">
  <repeat>   FINE-HEAD SPLIT-WHITE-FORCE 2>R DUP
  <while />  T-NAME  2R>
  </repeat>  2DROP RDROP RDROP
</def>

<def name="I-NATIVE-FORCE" ds=" c-addr u -- xt ">
  I-NATIVE  <if><exit/></if>
  I-QNATIVE <if><exit/></if>
  -321 THROW
</def>

</forth>