<?xml version="1.0" encoding="ASCII"?>
<forth xmlns="http://forth.org.ru/ForthML/"
     xmlns:f="http://forth.org.ru/ForthML/"
     xmlns:r="http://forth.org.ru/ForthML/Rules/"

    xmlns:xi="http://forth.org.ru/ForthML/Struct/"
>
<also wordlist="forthml-hidden">

<wordlist name="xml-struct-hidden">

<g xml:base="../data/">
<include href="data-space.f.xml" />
<include href="wordlist-plain.static.f.xml" />
<include href="wordlist-plain-tools.f.xml" />
</g>

<cell name="_size"> 200 1024 * </cell><!-- it is fixed -->

<def name="init" ds=" -- ">
  0. DATASPACE! reset-list
</def>
<def name="start" ds=" -- ">
  _size @ ALLOCATED DATASPACE! reset-list
</def>

<def name="compose-new-list" ds=" -- node-as-list ">
  0 
  <q ds=" n1 node -- n2 "><rem> put an other nodes to the new list </rem>
    <choose> DUP @ cnode NEQ <when> APPENDED-WORDLIST-NODE- </when> DROP </choose>
  </q> _list @ FOREACH-NODE
  REVERSE-NODE
</def>

<def name="include-model" >
  `href GetAttribute DUP <if> `# MATCH-HEAD <unless> Embody <exit/></unless></if>
  find <unless> 2DROP <r:yield/><exit/></unless><!-- it is fallback -->
  <g ds=" xml-node -- "><rem> substituate model </rem>
   cnode _list @ 2>R
   cnode! compose-new-list _list !
   <recurse/>
   2R> _list ! cnode!
  </g>
</def>

<r:rule match="xi:model">
  cnode GetName relate
</r:rule>

<r:rule match="xi:include">
  include-model
</r:rule>

<r:rule match="f:forth">
  _list @ _list <let>
    <r:next-match> -5321 THROW <rem> it is fallback </rem></r:next-match>
  </let>
  <!-- need to free an alloted space -->
</r:rule>

</wordlist></also>
</forth>
