<?xml version="1.0" ?>
<forth xmlns="http://forth.org.ru/ForthML/">

<def name="(quit)" ds=" -- " >
  accept-client dispatch-client
  <again/>
</def>

<def name="quit" ds=" -- ">
  <xt-of name="open-listen"/> CATCH
  DUP <if> DUP <logN>tcp-server is not started</logN> ERROR <exit/></if>
  
  startup FIRE-EVENT
  <xt-of name="(quit)"/> CATCH
  <choose>
    DUP 10004 EQ <when><rem> WSAEINTR Interrupted system call </rem> DROP 0 </when>
    DUP 10038 EQ <when><rem> WSAENOTSOCK </rem> alive? <unless> DROP 0 </unless></when>
    DUP 10009 EQ <when><rem> WSAEBADF Bad file number </rem> alive? <unless> DROP 0 </unless> </when>
  </choose>
  ERROR <!-- if any -->
  close-listen
  shutdown FIRE-EVENT
</def>


<def name="start" ds=" -- ">
  <xt-of name="quit"/> LAUNCH
</def>

<def name="stop">
  close-listen
</def>

<rem> </rem>

</forth>
