<?xml version="1.0" encoding="Windows-1251"?>
<forth xmlns="http://forth.org.ru/ForthML/">

<include href="wordstack.f.xml" />
<also wordlist="wordstack-hidden">

<def name="enum-pairs" ds=" xt -- "><rem> xt ( a1 u1 a-name u-name -- ) </rem>
  >R _list @
  <repeat> DUP <while/>
    DUP >R @ XCOUNT 2R@ NODE-NAME ROT EXECUTE R> CDR
  </repeat> RDROP DROP
</def>

<def name="push-pair-" ds=" word-a word-u a2 u2 -- ">
  mark-dataspace
  carbon-xstring push-word-
</def>

<def name="push-pair" ds=" a2 u2 word-a word-u -- ">
  2SWAP push-pair-
</def>

<def name="drop-pair" ds=" -- ">
  drop-word
  sweep-dataspace
</def>

<def name="find-pair" ds=" addr u -- a2 u2 true | addr u false ">
  find-word DUP <if> DROP XCOUNT TRUE </if>
</def>

</also>

</forth>
