<?xml version="1.0" encoding="ASCII"?>
<forth xmlns="http://forth.org.ru/ForthML/">

<wordlist name="dataspace-L3-hidden">

<include href="data-space.f.xml" />
<include href="marker.immutable.f.xml"/>
<include href="data-space-auto.f.xml"/>

<export>

<def name="assume-dataspace-size" ds=" u -- ">
  dataspace-size!
</def>

<def name="mark-dataspace" ds=" -- ">
  _stack PUSH-MARKER
</def>

<def name="sweep-dataspace" ds=" -- ">
  _stack @ <unless> `#dataspace-not-marked STHROW </unless>
  _stack DROP-MARKER
</def>

<def name="carbon-xstring" ds=" a1 u -- xaddr ">
  ALIGN HERE >R SXZ, R>
</def>

<def name="concat-string-" ds=" a2 u2 a1 u1 -- a u ">
  HERE >R S, S, R> HERE OVER -
  UNUSED 20 ULT <if> -8 THROW </if>
  0 C,
</def>
<def name="concat-string" ds=" a1 u1 a2 u2 -- a u ">
  2SWAP concat-string-
</def>

</export>
</wordlist>

</forth>
