<?xml version="1.0" encoding="Windows-1251"?>
<forth xmlns="http://forth.org.ru/ForthML/">

<using href="http://forth.org.ru/~pinka/model/data/list-plain.f.xml"/>

<wordlist name="queue-L1-hidden">

<include href="pool.L1.f.xml"/><rem> pool of carts for messages </rem>


<const name="limit">1000</const><rem> max messages in the queue </rem>
<const name="cs"> ALIGN HERE MAKE-CS, </const>

<cell name="_sem"/>     <def name="sem" ds=" -- sem " > _sem @ </def>
<cell name="_buf"/>
<cell name="_len"/>

<cell2 name="_h"/>


<handler event="recovery">
  _sem 0!  _buf 0!  0. _h 2!  _len 0!
</handler>

<handler event="shutdown" ds=" -- ">
  _sem  @ ?DUP <if> CloseSem THROW  _sem 0! </if>
  _buf @ FREE THROW _buf 0!  0. _h 2!  _len 0!
</handler>

<handler event="startup" ds=" -- ">
  0. limit 0 CreateSem THROW _sem !
  limit CELLS 2* ALLOCATE THROW _buf !
  _buf @ CELL+
  limit <times> DUP release-worker 2 CELLS + </times> DROP
  <rem> init the pool of carts (!!!)</rem>
</handler>

<init> CS@ <rem>( wid )</rem></init>
<def name="log-overflow" ds=" -- ">
  CR 
  <emit>WARNING: The queue defined in the wordlist #</emit><lit/> DUP . VOC-NAME.
  <emit> is overflow, wait for dequeue.</emit> CR
</def>

<export>

<def name="enqueueN" ds=" x -- ">
  100 wait-worker <unless> log-overflow hire-worker </unless>
  TUCK !
  cs ENTER-CS
  _h BIND-DNODE-TAIL _len 1+!
  cs LEAVE-CS
  sem ReleaseSem
</def>

<def name="dequeueN" ds=" -- x ">
  sem -1 Wait <unless> `#dequeueN STHROW </unless>
  cs ENTER-CS
  _len 1-! _h UNBIND-NODE
  cs LEAVE-CS
  DUP <unless> `#queue-is-underflow STHROW </unless>
  DUP @ SWAP release-worker
</def>

<def name="queue-length" ds=" -- n ">
  _len @
</def>

</export>
</wordlist>

</forth>
