<?xml version="1.0" encoding="UTF-8"?>
<forth xmlns="http://forth.org.ru/ForthML/">
<!-- 2006-2007 ruvim@forth.org.ru -->

<def name="RELATE-WORDLIST" ds=" x c-addr u h-list -- ">
  >R  ALIGN 0 , HERE >R
  ROT , HERE CELL+ , SCZ, <!-- [ x key-addr [ u ccc 0 ] ] -->
  R> R> BIND-NODE
</def>

<def name="NODE-NAME" ds=" node -- a u "> CELL+ @ COUNT </def>

<def name="CDR-BY-NAME" ds=" c-addr u node1|0 -- c-addr u node2|0 ">
  <repeat> DUP <while/> >R 2DUP R@ CELL+ @ COUNT EQUAL R> SWAP 0EQ <while/> CDR </repeat>
</def>

<def name="FIND-WORDLIST" ds=" c-addr u h-list -- x true | c-addr u false ">
  @ CDR-BY-NAME DUP <if> NIP NIP @ TRUE <exit/></if>
</def>

</forth>
