<?xml version="1.0" encoding="ASCII" ?>
<xi:include
  xmlns:xi="http://forth.org.ru/2006/XML/Struct"
  xmlns="http://forth.org.ru/2006/SXSL/"
  xmlns:xsl="http://www.w3.org/1999/XSL/Transform"
  xmlns:f="http://forth.org.ru/ForthML/"
>
<!-- Feb.2007 -->

<def match="text()">
  <T><xsl:value-of select="."/></T>
</def>

<def match="/*">
  <yield/>
</def><!-- a documentElement does't matter -->

<def match="f:include">
  <apply-templates select="document(@href)/*"/>
</def>

<def match="f:xt-of[@name]">
  <xsl:text>`</xsl:text><xsl:value-of select="@name"/><xsl:text> &amp; </xsl:text><T-LIT/>
</def>

<def match="f:char">
  <xsl:text>`</xsl:text><xsl:value-of select="."/><xsl:text> DROP C@ </xsl:text><T-LIT/>
</def>

<def match="f:init[not(*)]">
  <assure-state0/>
  <xsl:analyze-string select="." regex="\S+"><xsl:matching-substring>
    <T-WORD/>
  </xsl:matching-substring></xsl:analyze-string>
</def>

</xi:include>