<?xml version="1.0" encoding="ASCII"?>
<forth xmlns="http://forth.org.ru/ForthML/"
    xmlns:xi="http://forth.org.ru/ForthML/Struct/"
>

<def name="GET-COMPILER?" ds=" xt -- xt2 true | xt false "> FALSE </def>

<g xml:base="http://forth.org.ru/~pinka/model/">

<include href="trans/control-stack.f.xml"/>

<g xml:base="codegen/">

<xi:model name="codegen-L1" href="#codegen-L1">
  <include href="spf4-prime.L1.f.xml"/>
</xi:model>

<xi:model name="storage-sep">
  <also wordlist="CODESPACE-WL">
    <xi:include href="#codegen-L1"/>
  </also>
  <include href="slit-sep.f.xml"/><!-- the codespace and the dataspace are separate -->
</xi:model>

<xi:model name="storage-co">
  <xi:include href="#codegen-L1"/>
  <include href="slit-co.f.xml"/><!-- the codespace and the dataspace are coincident -->
</xi:model>

<xi:model name="codegen-common">
  <include href="common.L2.f.xml"/>
</xi:model>

</g></g>

<xi:include href="storage-selected.f.xml"/><rem> #storage-sep or #storage-co </rem>
<xi:include href="#codegen-common"/>

</forth>
