<?xml version="1.0" encoding="ASCII"?>
<forth xmlns="http://forth.org.ru/ForthML/">

<g xml:base="http://forth.org.ru/~pinka/model/data/">

  <include href="../lib/combinator/effect.f.xml"/>
  <include href="../trans/numbers.f.xml"/>

  <include href="list-plain.f.xml"/>

  <include href="wordlist-plain.f.xml"/>
  <include href="wordlist-plain-tools.f.xml"/>

  <include href="context-native.f.xml"/>

  <include href="vocabulary.f.xml"/>

  <g xml:base="../trans/">
    <include href="ilit.f.xml"/>
    <include href="iword-qnative.f.xml"/>
  </g>
</g>

</forth>
