<?xml version="1.0" encoding="ASCII"?>
<forth xmlns="http://forth.org.ru/ForthML/"
    xmlns:xi="http://forth.org.ru/ForthML/Struct/"
>

<g xml:base="http://forth.org.ru/~pinka/">

<xi:model name="storage-sep">
  <include href="model/data/data-space.f.xml"/>

  <wordlist name="CODESPACE-WL">
    <include href="model/data/data-space.f.xml"/>
  </wordlist>

  <def name="SAVE-STORAGE" ds=" -- i*x i">
    SAVE-DATASPACE DUP >R
    CODESPACE-WL::SAVE-DATASPACE DUP R> + 2+
  </def>
  <def name="RESTORE-STORAGE" ds=" i*x i -- ">
    DROP
    CODESPACE-WL::RESTORE-DATASPACE
    RESTORE-DATASPACE
  </def>
  <def name="CODESPACE!" ds=" addr u -- ">
    CODESPACE-WL::DATASPACE!
  </def>
</xi:model>



<xi:model name="storage-co">
  <include href="model/data/data-space.f.xml"/>

  <def name="SAVE-STORAGE" ds=" -- i*x i">
    SAVE-DATASPACE
  </def>
  <def name="RESTORE-STORAGE" ds=" i*x i -- ">
    RESTORE-DATASPACE
  </def>
  <def name="CODESPACE!" ds=" addr u -- ">
    2DROP
  </def>
</xi:model>

</g>


  <xi:include href="storage-selected.f.xml"/>

</forth>
