<?xml version="1.0" encoding="ASCII"?>
<forth xmlns="http://forth.org.ru/ForthML/">

<tc:import xmlns:tc="http://forth.org.ru/ForthML/TC/">

/CHAR          CHAR+          CHAR-          CHARS          >CHARS         

SEARCH         COMPARE

</tc:import>


<comment> What about "CMOVE>" and "CMOVE"?</comment>



<g xml:base="http://forth.org.ru/~pinka/model/lib/string/">

  <include href="match.f.xml"/>
  <include href="match-white.f.xml"/>
  <include href="slice.f.xml"/>
</g>

</forth>
