<?xml version="1.0" encoding="Windows-1251" ?>
<forth xmlns="http://forth.org.ru/ForthML/">
<!-- Feb.2007 ruvim@forth.org.ru -->

<g xml:base="../../model/">

FORTH-WORDLIST PUSH-DEVELOP <rem> to the main system wordlist </rem>
<include href="lib/string/match.f.xml" />
<include href="lib/string/match-white.f.xml"/>
<include href="lib/combinator/effect.f.xml"/>
DROP-DEVELOP

<include href="data/list-plain.f.xml" />

<g xml:base="trans/">

<def name="I-NATIVE1" ds=" c-addr u -- xt true | c-addr u false ">
  2DUP >R >R
  SFIND DUP 1 EQ <unless> RDROP RDROP <exit/></unless>
  DROP DUP GET-COMPILER? NIP <if> TRUE RDROP RDROP <exit/></if>
  DROP R> R> FALSE <!-- won't find immediate words -->
</def>

<cell name="_I-NATIVE"><xt-of name="I-NATIVE1"/></cell><rem> vector </rem>

<def name="I-NATIVE" ds="c-addr u -- xt true | c-addr u false">
  _I-NATIVE @ EXECUTE
</def>

<include href="ilit.f.xml" />
<include href="tcode.f.xml" />
<include href="ttoken.f.xml" />
<include href="ttext.f.xml" />
<include href="txml.f.xml" />

</g></g>
</forth>