<forth xmlns="http://forth.org.ru/ForthML/">
<!-- $Id: slice.f.xml,v 1.4 2008/03/30 16:30:39 ruv Exp $ -->

<def name="TAIL" ds=" a u -- a1 u1 ">
  DUP <if> SWAP CHAR+ SWAP CHAR- <exit/></if><!-- ( a 0 ) -->
</def>
<def name="HEAD" ds=" a u -- a u1 ">
  DUP <if> DROP /CHAR <exit/></if>
</def>
<def name="HEAD|TAIL" ds=" a u -- a /char a2 u2 ">
  2DUP HEAD 2SWAP TAIL
</def>


<def name="HEAD|TAIL-" ds=" a u -- a2 u2 a /char ">
  2DUP TAIL 2SWAP HEAD
</def>



<!-- experimental words -->

<def name="CLEFT+" ds=" a u cn -- a2 u2 ">
  CHARS TUCK + >R - R>
</def>
<def name="CRIGHT+" ds=" a u cn -- a2 u2 ">
  CHARS +
</def>
<def name="CLEFT-" ds=" a u cn -- a2 u2 ">
  CHARS TUCK - >R + R>
</def>
<def name="CRIGHT-" ds=" a u cn -- a2 u2 ">
  CHARS -
</def>

</forth>