<?xml version="1.0" encoding="ASCII"?>
<forth xmlns="http://forth.org.ru/ForthML/"
    xmlns:xi="http://forth.org.ru/ForthML/Struct/"
    xmlns:tc="http://forth.org.ru/ForthML/TC/"
>

<xi:model name="main">

<wordlist name="FORTHPROC-WL">
  <xi:include href="#forthproc"/><tc:give-forth/>
</wordlist>

<wordlist name="STRINGS-WL"><!-- according to default character size -->
  <xi:include href="#strings"/><tc:give-forth/>
</wordlist>

<wordlist name="STORAGE-WL">
  <xi:include href="#storage"/><tc:give-forth/>
</wordlist>

<wordlist name="CODEGEN-WL">
  <xi:include href="#codegen"/><tc:give-forth/>
</wordlist>

<wordlist name="HOST-WL">
  <xi:include href="#host"/><tc:give-forth/>
</wordlist>

<wordlist name="HOSTAPI-WL">
  <!-- host-system API, will be provided -->
</wordlist>

<wordlist name="HEAP-WL">
  <xi:include href="#heap"/><tc:give-forth/>
</wordlist>

<wordlist name="FILES-WL">
  <xi:include href="#files"/><tc:give-forth/>
</wordlist>

<wordlist name="INTERPRETER-WL">
  <xi:include href="#interpreter"/><tc:give-forth/>
</wordlist>

</xi:model>


<xi:include href="model.f.xml"/>

</forth>
