<?xml version="1.0" encoding="ASCII"?>
<forth xmlns="http://forth.org.ru/ForthML/">
<!-- 2005-2007 -->

<comment>
  prime, no opt
</comment>

<def name="DISTANCE," ds=" addr -- ">
  DUP <if> HERE CELL+ - </if> ,
</def>

<def name="CALL," ds=" addr -- "> 0xE8 B, DISTANCE, </def>

<def name="RET,"  ds=" -- "> 0xC3 B, </def>

<def name="MARK-FW" ds=" -- a "> HERE 4 - </def>

<def name="RESOLVE-FW" ds=" a -- "> HERE OVER - 4 - SWAP ! </def>

<def name="MARK-BW" ds=" -- a "> HERE </def>

<def name="RESOLVE-BW" ds=" a -- "> DISTANCE, </def>

<def name="BRANCH," ds=" addr -- "> 0xE9 B, DISTANCE, <!-- JMP addr --></def>

<def name="ZBRANCH," ds=" addr -- ">
  0x0B B, 0xC0 B, <!-- OR  EAX, EAX -->
  0x8B B, 0x45 B, 0x00 B, <!-- MOV  EAX, 0 [EBP] -->
  0x8D B, 0x6D B, 0x04 B, <!-- LEA  EBP, 4 [EBP] -->
  0x0F B, 0x84 B, DISTANCE, <!-- JZ addr -->
</def>

<def name="NZBRANCH," ds=" addr -- ">
  0x0B B, 0xC0 B, <!-- OR  EAX, EAX -->
  0x8B B, 0x45 B, 0x00 B, <!-- MOV  EAX, 0 [EBP] -->
  0x8D B, 0x6D B, 0x04 B, <!-- LEA  EBP, 4 [EBP] -->
  0x0F B, 0x85 B, DISTANCE, <!-- JNZ addr -->
</def>

<def name="LIT," ds=" x -- ">
  0x8D B, 0x6D B, 0xFC B, <!-- LEA  EBP, FC [EBP] -->
  0x89 B, 0x45 B, 0x00 B, <!-- MOV  0 [EBP], EAX  -->
  0xB8 B, , <!-- MOV EAX, #x -->
</def>

<def name="2LIT," ds=" x x -- "> SWAP LIT, LIT, </def>

<def name="RLIT," ds=" x -- "> 0x68 B, ,  <!-- push dword #x --></def>

<def name="DEFER-LIT," ds=" -- addr ">
  -1 LIT, HERE CELL-
</def>


<def name="(CONCEIVE)" ds=" -- addr ">
  ALIGN HERE
</def>

<def name="(BIRTH)" ds=" addr -- addr ">
  RET,
</def>

</forth>
