<?xml version="1.0" encoding="ASCII"?>
<forth xmlns="http://forth.org.ru/ForthML/"
    xmlns:xi="http://forth.org.ru/ForthML/Struct/"
>

<xi:model name="main">

<also wordlist="XMLDOM-WL"><!-- shared library -->
<also wordlist="forthml-hidden"><!-- the txml (document-context, cnode, EMBODY) is taken from the host's subsystem -->

<wordlist name="TC-WL">

  <g><rem> target form </rem>
  <xi:include href="#storage"/>
  <xi:include href="#codegen"/>
  <xi:include href="#interpreter"/>
  </g>
  
  <g xml:base="http://forth.org.ru/~pinka/model/trans/">
  <wordlist name="translater-plain">
    <include href="tcode.f.xml"/>
    <include href="ttoken.L1.f.xml"/>
    <include href="ttext.f.xml"/>
    <xi:include href="#tc-guard"/><!-- if any -->
  </wordlist>
  
  <r:transform name="transformer-fml" xmlns:r="http://forth.org.ru/ForthML/Rules/">
    <also wordlist="translater-plain"><!-- TC case -->
      <g xml:base="http://forth.org.ru/~pinka/fml/src/">
      <include href="rules-forth.L0.f.xml"/>
      <include href="rules-common.f.xml"/>
      <include href="rules-forth.f.xml"/>
      </g>
    </also>
    <r:import transform="transformer-xmlstruct"/>
  </r:transform>
  </g>
  
</wordlist>
</also></also>

</xi:model>

<xi:include href="model.f.xml"/>

</forth>
